client_id,district_id,service_line,client_industry,csat_score_1_to_5,client_retention_last_12_months,monthly_client_complaints,incident_response_time_minutes,incident_resolution_time_hours,monthly_security_incidents,false_alarm_rate_percent,sla_compliance_percent
1,D8,Line3,Education,4.6,1,0,50,26.1,1,27.9,96.9
2,D8,Line1,Education,1.8,1,4,24,17.6,1,12.9,88.7
3,D10,Line3,Commercial Real Estate,3.2,0,3,55,22.9,20,26.6,99.1
4,D1,Line1,Education,3.7,0,2,36,8.8,15,12.3,96.9
5,D4,Line4,Commercial Real Estate,1.7,1,1,14,24.6,20,30.0,93.4
6,D2,Line2,Government,3.5,0,6,53,23.7,9,20.1,93.8
7,D4,Line3,Manufacturing,2.6,0,9,27,8.4,10,35.2,92.8
8,D1,Line1,Commercial Real Estate,3.1,1,10,27,30.4,13,17.7,98.2
9,D8,Line3,Manufacturing,2.0,0,6,38,38.1,17,17.4,86.0
10,D1,Line2,Retail,3.6,1,3,15,22.0,6,25.6,90.0
11,D6,Line1,Education,3.5,0,2,29,46.8,0,19.1,91.5
12,D8,Line3,Commercial Real Estate,2.4,1,7,32,40.2,2,25.1,92.6
13,D4,Line3,Healthcare,2.3,0,3,34,20.0,1,23.3,94.3
14,D2,Line2,Education,4.9,0,2,8,18.1,19,23.2,85.6
15,D5,Line2,Commercial Real Estate,1.2,0,6,38,42.4,14,11.6,94.9
16,D3,Line2,Education,2.8,1,10,60,10.8,14,20.0,89.5
17,D5,Line1,Commercial Real Estate,3.8,0,1,45,10.2,14,23.7,97.6
18,D9,Line4,Commercial Real Estate,1.0,1,8,55,39.1,17,38.2,91.5
19,D8,Line2,Commercial Real Estate,1.1,1,3,35,32.6,17,16.9,95.7
20,D2,Line3,Education,2.8,0,8,16,21.6,2,26.5,87.9
21,D10,Line3,Education,1.3,0,6,9,28.7,14,39.0,91.0
22,D8,Line3,Education,4.9,1,2,54,37.9,0,29.1,89.1
23,D8,Line3,Education,1.7,0,0,44,32.5,17,31.7,95.7
24,D7,Line1,Education,3.6,0,2,50,27.4,6,22.3,99.2
25,D10,Line3,Manufacturing,1.8,1,0,43,45.7,16,13.6,94.3
26,D7,Line3,Manufacturing,5.0,1,2,42,40.3,17,12.7,93.3
27,D3,Line1,Education,1.2,0,6,59,40.4,8,33.5,97.3
28,D9,Line1,Education,4.7,1,6,31,6.2,8,25.7,96.9
29,D2,Line1,Government,1.9,1,10,55,30.7,20,15.4,90.2
30,D3,Line3,Healthcare,2.9,0,6,30,18.0,7,29.6,89.3
31,D7,Line2,Manufacturing,2.7,0,5,47,6.6,4,39.5,93.7
32,D10,Line4,Manufacturing,1.9,0,6,56,32.3,19,34.3,90.2
33,D7,Line4,Manufacturing,3.4,0,5,37,6.2,15,15.1,89.4
34,D5,Line2,Healthcare,3.1,1,10,51,46.8,12,30.2,89.9
35,D2,Line4,Education,1.2,1,10,8,33.1,2,23.6,89.7
36,D1,Line1,Government,2.7,1,7,50,45.6,13,10.9,93.4
37,D7,Line1,Commercial Real Estate,1.1,0,8,25,31.2,0,37.4,90.5
38,D2,Line3,Commercial Real Estate,3.8,1,3,46,46.1,1,32.1,92.4
39,D3,Line4,Government,2.7,0,5,36,45.2,0,20.4,99.1
40,D8,Line4,Commercial Real Estate,2.7,0,6,31,25.0,10,10.4,88.1
41,D2,Line2,Retail,4.0,0,10,35,43.5,9,32.9,89.1
42,D2,Line2,Retail,5.0,1,4,51,20.8,2,28.7,98.7
43,D9,Line1,Education,4.2,0,5,21,36.9,9,11.5,89.9
44,D7,Line2,Government,1.8,0,6,13,19.9,20,13.9,99.9
45,D5,Line4,Retail,2.2,0,3,25,44.3,8,16.1,100.0
46,D5,Line2,Education,4.5,0,5,58,28.7,13,36.3,87.0
47,D8,Line4,Manufacturing,3.6,1,2,55,1.6,0,39.8,97.8
48,D6,Line4,Government,3.1,0,9,49,14.5,2,15.1,95.3
49,D10,Line3,Manufacturing,2.8,1,6,11,7.3,15,11.0,94.4
50,D10,Line4,Manufacturing,3.9,1,1,21,42.4,5,14.8,92.6
51,D7,Line1,Commercial Real Estate,3.8,0,2,11,44.3,7,38.0,87.3
52,D8,Line3,Manufacturing,4.3,0,9,11,46.6,12,33.9,91.1
53,D4,Line3,Government,1.4,0,7,23,2.1,1,10.9,88.9
54,D6,Line3,Commercial Real Estate,2.3,1,0,23,2.8,6,22.6,85.0
55,D8,Line3,Manufacturing,2.1,0,5,50,27.2,4,35.2,99.4
56,D2,Line3,Manufacturing,1.2,0,2,17,35.2,4,17.9,93.2
57,D4,Line4,Manufacturing,2.2,1,10,57,22.6,19,33.7,92.5
58,D2,Line2,Manufacturing,2.9,1,8,8,8.2,13,10.4,95.8
59,D6,Line4,Commercial Real Estate,1.6,0,4,37,20.2,18,31.7,96.8
60,D7,Line2,Government,3.1,1,2,57,11.8,4,36.5,87.8
61,D7,Line2,Healthcare,3.3,0,7,33,33.0,10,16.9,95.7
62,D8,Line2,Education,2.3,0,7,53,12.7,2,11.6,97.8
63,D4,Line2,Government,3.5,1,5,29,22.9,12,26.0,99.4
64,D6,Line2,Government,3.7,0,5,37,37.6,14,27.7,95.7
65,D2,Line3,Retail,1.7,0,0,12,46.7,14,14.4,92.0
66,D4,Line1,Healthcare,4.2,1,3,16,36.4,16,14.8,92.4
67,D8,Line1,Education,3.8,1,6,43,3.7,1,25.5,98.2
68,D7,Line1,Healthcare,4.1,1,2,32,46.8,20,24.5,92.6
69,D5,Line3,Retail,1.6,1,5,22,8.9,14,25.1,87.4
70,D1,Line4,Manufacturing,4.2,0,8,25,17.7,18,14.8,94.5
71,D6,Line2,Retail,1.1,1,3,19,39.3,0,34.5,99.1
72,D9,Line3,Government,4.5,1,10,40,26.6,8,20.5,88.0
73,D3,Line3,Government,4.9,1,0,49,42.0,17,17.3,86.5
74,D8,Line3,Retail,3.6,1,5,15,33.1,17,21.5,87.0
75,D1,Line1,Education,3.2,0,8,40,34.8,0,38.3,88.7
76,D5,Line1,Education,2.9,0,9,44,47.3,12,25.9,96.3
77,D10,Line4,Manufacturing,2.2,1,10,43,7.7,8,14.8,86.9
78,D1,Line3,Government,2.5,1,3,45,34.6,3,33.8,99.7
79,D3,Line3,Healthcare,3.4,0,8,13,33.2,6,11.2,97.1
80,D1,Line4,Retail,4.4,1,0,18,20.7,1,19.9,95.8
81,D8,Line1,Government,3.7,1,8,60,6.2,17,38.0,86.3
82,D1,Line2,Education,3.4,1,5,56,38.0,10,39.4,89.6
83,D2,Line2,Commercial Real Estate,2.1,0,0,53,13.3,12,34.1,88.1
84,D6,Line1,Healthcare,4.1,0,6,27,27.4,6,28.7,92.2
85,D9,Line1,Commercial Real Estate,1.3,0,3,40,16.3,15,35.1,89.9
86,D10,Line1,Education,3.3,1,0,12,5.6,10,18.3,88.9
87,D5,Line2,Education,2.2,1,9,17,6.9,15,14.4,98.7
88,D8,Line3,Manufacturing,3.8,0,7,17,21.1,16,16.1,90.9
89,D4,Line3,Government,3.6,0,10,34,32.6,17,16.1,89.7
90,D8,Line1,Government,4.1,0,0,5,24.8,0,31.0,95.9
91,D9,Line1,Education,2.0,1,10,59,24.4,9,32.7,96.0
92,D9,Line2,Retail,4.1,1,3,9,19.9,9,22.4,89.9
93,D7,Line4,Manufacturing,4.7,1,2,7,30.6,0,27.1,87.4
94,D8,Line3,Healthcare,3.4,0,9,19,19.3,20,27.2,95.1
95,D1,Line3,Commercial Real Estate,1.2,0,2,55,43.5,1,12.5,85.3
96,D1,Line3,Healthcare,2.9,0,9,27,9.1,8,31.8,85.8
97,D5,Line2,Manufacturing,1.9,0,4,36,35.8,4,23.5,91.1
98,D5,Line2,Commercial Real Estate,1.1,0,7,41,40.9,12,12.9,93.5
99,D4,Line2,Healthcare,3.4,0,8,10,32.4,1,13.0,96.7
100,D2,Line2,Education,2.7,1,2,40,3.7,10,12.2,89.7
101,D5,Line2,Retail,4.2,0,10,23,22.1,8,37.7,98.3
102,D8,Line2,Retail,4.2,0,9,37,7.5,5,34.2,86.4
103,D1,Line2,Commercial Real Estate,5.0,0,8,13,3.8,16,37.9,93.6
104,D5,Line4,Government,2.7,0,0,21,40.5,2,39.1,99.8
105,D10,Line3,Education,4.1,1,8,51,21.1,15,10.7,90.8
106,D3,Line3,Government,1.1,1,0,55,28.2,3,38.8,93.5
107,D5,Line4,Commercial Real Estate,4.0,0,8,20,22.3,11,26.6,97.5
108,D5,Line4,Manufacturing,3.8,0,10,41,17.6,3,12.2,99.0
109,D7,Line2,Retail,4.0,0,3,41,17.5,5,39.3,93.7
110,D8,Line4,Education,3.7,0,3,5,40.6,18,20.9,88.2
111,D7,Line3,Retail,4.2,1,7,43,17.5,2,24.9,92.8
112,D10,Line1,Manufacturing,2.1,1,1,37,5.2,20,37.6,95.9
113,D4,Line1,Retail,2.2,0,6,37,23.9,2,13.1,95.7
114,D9,Line3,Healthcare,3.3,1,6,41,16.6,4,19.2,96.0
115,D10,Line4,Retail,2.1,1,5,41,11.9,18,17.3,87.1
116,D4,Line1,Commercial Real Estate,3.6,0,9,13,21.5,20,30.1,95.6
117,D10,Line2,Retail,1.2,1,4,60,17.9,11,33.9,98.7
118,D2,Line2,Manufacturing,4.4,1,3,40,45.7,3,23.5,88.4
119,D6,Line1,Healthcare,3.7,0,3,39,47.9,4,30.0,97.8
120,D9,Line2,Government,2.7,0,8,13,8.3,4,26.4,87.0
121,D4,Line4,Retail,4.6,0,9,49,11.9,16,20.7,85.9
122,D2,Line1,Government,3.5,0,9,53,44.7,19,24.2,99.6
123,D9,Line1,Education,1.3,0,10,12,22.4,5,13.8,99.1
124,D7,Line1,Government,1.5,1,0,55,40.1,20,38.8,93.5
125,D4,Line2,Commercial Real Estate,1.5,0,9,32,18.7,18,23.5,97.3
126,D1,Line3,Healthcare,4.8,1,10,51,9.6,16,36.4,87.4
127,D2,Line4,Manufacturing,2.2,1,4,45,21.0,12,38.1,95.3
128,D6,Line3,Education,1.6,1,10,48,46.9,13,11.1,98.3
129,D6,Line2,Government,4.3,0,5,24,26.2,19,28.7,99.0
130,D7,Line2,Retail,1.7,1,2,45,46.6,14,28.1,85.6
131,D8,Line4,Commercial Real Estate,1.6,0,0,44,43.7,0,17.8,87.8
132,D3,Line3,Commercial Real Estate,1.8,1,7,46,32.3,10,27.3,92.1
133,D4,Line3,Education,2.9,0,4,18,28.1,6,34.4,91.9
134,D2,Line1,Education,2.7,0,3,6,17.0,11,29.4,87.8
135,D4,Line2,Healthcare,4.5,0,3,25,41.0,15,22.6,96.7
136,D4,Line2,Government,1.6,0,9,22,40.8,19,15.1,98.9
137,D9,Line4,Manufacturing,4.5,0,3,39,34.2,13,35.1,92.2
138,D8,Line2,Government,4.8,1,8,46,15.2,0,13.6,90.5
139,D9,Line2,Education,1.3,0,6,33,45.1,11,38.5,95.7
140,D4,Line4,Commercial Real Estate,4.0,0,0,60,4.6,3,17.1,95.8
141,D5,Line4,Education,2.5,1,7,36,17.1,2,10.8,87.5
142,D7,Line4,Manufacturing,4.5,1,6,33,4.7,14,31.4,96.6
143,D8,Line4,Education,1.9,0,0,22,41.8,5,12.8,87.4
144,D1,Line1,Government,1.3,1,3,43,39.0,2,19.9,92.3
145,D3,Line1,Healthcare,3.4,0,7,32,39.1,14,17.6,89.9
146,D1,Line2,Retail,2.4,0,2,51,37.9,3,34.5,89.2
147,D5,Line1,Retail,1.6,1,4,28,21.7,13,33.9,86.5
148,D10,Line1,Education,1.4,1,9,52,22.4,18,29.1,98.8
149,D7,Line3,Commercial Real Estate,3.2,1,5,48,22.6,1,35.1,87.8
150,D4,Line3,Education,2.7,1,3,40,24.5,7,37.0,96.3
151,D4,Line3,Healthcare,4.4,1,3,38,5.1,6,37.7,96.3
152,D5,Line1,Retail,1.5,0,2,40,5.0,1,15.2,87.0
153,D3,Line1,Commercial Real Estate,3.7,1,9,42,40.9,20,30.2,90.6
154,D7,Line3,Manufacturing,5.0,0,4,52,15.4,14,16.6,86.0
155,D10,Line3,Commercial Real Estate,3.8,0,0,52,8.1,0,25.5,88.6
156,D2,Line1,Healthcare,1.3,1,2,30,30.4,10,19.0,93.9
157,D8,Line4,Healthcare,3.5,0,9,47,24.3,17,25.6,89.8
158,D7,Line3,Government,3.0,1,0,31,13.4,15,12.5,99.4
159,D4,Line2,Manufacturing,3.1,1,7,43,4.9,17,14.7,89.3
160,D4,Line2,Government,4.6,0,0,17,15.0,16,29.6,95.5
161,D2,Line4,Education,2.4,1,5,30,10.5,16,20.9,87.3
162,D7,Line2,Retail,1.3,1,8,43,42.3,15,17.8,95.5
163,D6,Line4,Education,3.5,1,5,33,35.5,2,17.6,99.6
164,D9,Line4,Education,3.4,1,8,18,3.0,19,10.8,94.6
165,D6,Line2,Manufacturing,2.4,0,4,51,6.0,10,29.6,90.4
166,D9,Line1,Manufacturing,1.2,0,0,11,28.1,16,37.2,97.9
167,D9,Line2,Commercial Real Estate,1.7,0,5,8,31.4,3,29.6,98.7
168,D6,Line2,Healthcare,4.7,0,5,59,5.7,2,35.4,87.6
169,D7,Line2,Retail,1.4,0,0,56,17.1,11,40.0,96.1
170,D7,Line1,Manufacturing,2.7,0,4,15,10.4,11,18.4,93.7
171,D10,Line2,Education,1.9,0,9,10,23.3,13,18.6,95.2
172,D6,Line1,Education,3.4,1,6,26,45.5,19,26.4,98.2
173,D7,Line4,Commercial Real Estate,3.7,1,7,37,35.6,4,29.9,98.5
174,D3,Line1,Healthcare,3.4,1,6,6,47.1,5,31.6,99.0
175,D2,Line2,Education,3.9,1,3,14,19.0,9,39.0,88.7
176,D8,Line3,Government,1.8,1,6,17,37.3,2,27.3,92.9
177,D1,Line1,Commercial Real Estate,4.5,1,8,34,20.5,0,39.2,85.4
178,D10,Line4,Retail,2.1,0,10,54,21.5,3,34.3,93.2
179,D2,Line1,Commercial Real Estate,4.2,1,8,48,39.0,15,19.6,87.9
180,D4,Line3,Manufacturing,4.6,1,5,23,20.9,1,26.9,96.8
181,D9,Line3,Commercial Real Estate,4.3,0,7,25,25.6,3,39.9,87.4
182,D9,Line2,Commercial Real Estate,3.8,1,2,9,10.2,7,22.5,85.9
183,D9,Line2,Healthcare,3.2,0,3,37,36.2,16,10.0,93.1
184,D7,Line2,Healthcare,3.1,1,7,34,38.5,5,23.4,97.5
185,D4,Line3,Manufacturing,5.0,0,1,24,40.6,10,32.4,87.0
186,D4,Line4,Commercial Real Estate,1.4,0,5,52,34.0,4,29.4,98.4
187,D4,Line4,Commercial Real Estate,1.8,1,10,10,23.1,16,15.6,87.5
188,D2,Line3,Education,1.1,0,1,26,33.4,1,14.2,93.0
189,D7,Line3,Government,1.1,0,4,13,4.0,8,25.2,89.3
190,D10,Line2,Commercial Real Estate,1.1,0,6,41,35.3,6,11.5,97.9
191,D5,Line2,Manufacturing,4.6,0,2,35,21.8,6,19.7,85.3
192,D4,Line3,Manufacturing,4.6,0,10,14,11.1,0,21.9,90.9
193,D1,Line3,Retail,1.5,0,8,59,2.8,7,14.0,93.6
194,D9,Line4,Manufacturing,1.4,1,3,52,28.2,15,24.7,99.2
195,D9,Line4,Retail,1.5,1,4,11,47.8,17,17.1,87.0
196,D4,Line3,Healthcare,2.7,0,2,28,11.9,11,33.2,97.0
197,D10,Line4,Commercial Real Estate,4.9,0,8,49,44.7,13,25.9,88.9
198,D8,Line3,Retail,2.8,1,8,57,6.3,10,26.7,92.8
199,D8,Line2,Education,1.6,1,10,55,17.2,4,17.8,95.5
200,D10,Line3,Retail,3.6,1,7,31,1.5,0,26.0,91.9
201,D2,Line1,Commercial Real Estate,1.5,1,1,42,35.9,4,25.8,95.3
202,D9,Line2,Healthcare,2.3,1,8,21,7.1,19,19.9,92.5
203,D3,Line3,Healthcare,2.1,0,9,60,33.3,17,26.1,91.1
204,D3,Line1,Healthcare,4.4,0,6,52,3.5,19,14.0,93.2
205,D4,Line2,Commercial Real Estate,4.6,1,9,36,10.8,5,35.0,94.2
206,D3,Line2,Commercial Real Estate,4.6,0,6,31,21.6,14,32.1,90.3
207,D4,Line1,Manufacturing,2.1,0,8,48,45.2,13,16.3,98.5
208,D1,Line1,Government,1.9,0,10,24,30.5,0,14.6,87.8
209,D3,Line3,Healthcare,3.0,1,5,60,17.6,0,31.9,96.0
210,D8,Line4,Healthcare,4.8,0,1,42,5.2,7,12.7,93.3
211,D5,Line4,Retail,3.4,0,3,32,20.4,3,14.3,89.5
212,D9,Line3,Commercial Real Estate,1.3,1,0,44,47.3,12,38.2,99.8
213,D7,Line1,Government,2.9,1,7,19,41.4,2,33.1,91.2
214,D4,Line3,Education,4.3,0,0,29,47.8,17,24.2,88.1
215,D9,Line3,Education,3.7,0,5,43,13.6,0,14.4,85.8
216,D8,Line2,Education,2.1,0,2,40,14.0,15,17.7,97.3
217,D7,Line3,Commercial Real Estate,2.3,1,9,5,30.2,19,10.2,96.3
218,D9,Line1,Manufacturing,3.8,0,6,41,22.6,6,35.5,98.9
219,D10,Line4,Government,2.7,0,10,23,14.4,10,14.6,91.0
220,D10,Line4,Education,4.5,0,4,54,29.6,4,29.5,99.1
221,D3,Line1,Healthcare,3.7,1,5,18,43.3,13,21.6,85.3
222,D3,Line1,Government,4.5,0,2,19,9.3,16,28.0,88.5
223,D8,Line1,Healthcare,2.0,1,2,52,4.0,7,17.1,96.3
224,D5,Line4,Government,1.2,0,2,38,3.9,1,29.3,99.3
225,D7,Line2,Commercial Real Estate,1.0,1,9,22,31.6,9,22.6,85.2
226,D10,Line4,Manufacturing,2.1,0,9,60,2.3,13,12.8,92.2
227,D8,Line2,Education,1.1,0,3,50,40.8,20,19.9,99.2
228,D3,Line4,Healthcare,3.9,0,10,45,9.9,3,27.5,97.7
229,D4,Line2,Retail,4.7,1,5,6,43.2,10,34.2,93.5
230,D9,Line1,Government,3.3,1,10,17,47.3,1,27.9,85.4
231,D6,Line3,Commercial Real Estate,4.5,0,3,58,18.1,20,11.4,88.2
232,D6,Line2,Commercial Real Estate,4.0,1,0,41,41.4,2,27.7,98.1
233,D4,Line4,Education,1.3,1,7,29,2.2,18,21.9,91.3
234,D6,Line1,Education,2.0,0,0,34,18.0,13,38.9,87.2
235,D3,Line2,Manufacturing,2.5,1,5,49,14.8,9,20.1,92.5
236,D5,Line2,Education,1.5,0,2,12,37.2,2,15.3,94.6
237,D6,Line1,Retail,2.3,0,7,23,5.3,7,24.3,99.3
238,D2,Line3,Government,1.9,0,3,15,4.3,20,10.6,90.5
239,D9,Line2,Education,1.8,0,4,16,21.0,11,29.1,92.4
240,D2,Line1,Commercial Real Estate,1.1,1,4,11,17.8,14,34.7,91.5
241,D9,Line1,Retail,2.5,0,2,51,2.0,2,34.7,91.1
242,D1,Line3,Education,3.4,1,10,15,9.3,20,34.7,94.5
243,D5,Line4,Education,3.5,0,5,32,16.7,2,19.3,92.6
244,D4,Line4,Retail,2.0,0,9,43,11.7,16,38.6,91.2
245,D6,Line3,Manufacturing,3.9,1,7,27,45.8,20,32.6,98.4
246,D9,Line1,Retail,4.9,0,4,23,22.7,5,26.3,87.1
247,D8,Line4,Retail,2.5,1,10,45,16.3,14,25.2,85.7
248,D10,Line4,Manufacturing,4.3,0,8,49,25.0,13,20.9,97.4
249,D3,Line4,Education,1.0,1,9,5,21.8,15,12.7,94.5
250,D4,Line4,Manufacturing,4.5,0,1,7,8.3,13,20.4,98.9
251,D7,Line4,Education,4.9,1,10,20,4.7,16,16.1,96.7
252,D6,Line2,Education,4.7,0,9,42,28.1,6,13.3,95.2
253,D5,Line1,Retail,3.8,1,0,7,45.5,6,28.6,94.6
254,D3,Line4,Government,3.7,0,1,5,47.2,9,20.2,95.2
255,D8,Line2,Education,3.8,0,2,23,38.3,16,13.2,91.2
256,D5,Line4,Manufacturing,2.1,0,7,9,42.0,15,28.0,86.7
257,D1,Line1,Commercial Real Estate,3.2,1,6,54,30.5,8,16.6,85.5
258,D3,Line4,Government,2.6,1,10,51,18.5,1,19.8,93.0
259,D1,Line1,Manufacturing,2.6,0,6,51,18.3,1,29.4,99.1
260,D8,Line3,Commercial Real Estate,3.0,1,9,37,42.9,9,28.7,91.2
261,D5,Line2,Education,3.9,1,3,33,20.7,0,14.7,90.4
262,D5,Line2,Retail,2.9,1,2,9,20.0,9,25.6,92.9
263,D6,Line3,Commercial Real Estate,2.8,0,7,48,11.4,3,30.3,93.0
264,D1,Line1,Education,1.9,0,2,54,21.3,20,32.6,85.6
265,D4,Line1,Commercial Real Estate,1.3,0,3,12,29.9,17,33.5,90.4
266,D2,Line4,Government,3.7,1,6,58,5.0,9,23.7,98.7
267,D2,Line1,Manufacturing,3.1,0,3,14,13.3,20,32.6,96.1
268,D5,Line1,Government,3.0,0,5,9,26.0,9,24.3,98.3
269,D9,Line1,Commercial Real Estate,3.2,1,9,45,26.0,0,18.5,86.3
270,D7,Line2,Commercial Real Estate,2.2,0,3,55,16.9,7,35.3,90.7
271,D7,Line2,Manufacturing,3.7,0,10,20,9.4,0,24.8,96.8
272,D3,Line4,Education,2.9,0,3,18,46.7,10,35.5,88.9
273,D8,Line4,Education,4.4,0,6,9,24.3,6,28.0,99.8
274,D8,Line1,Commercial Real Estate,4.7,0,5,40,43.3,9,33.5,86.0
275,D1,Line2,Commercial Real Estate,4.4,1,6,49,2.3,8,21.1,87.9
276,D6,Line1,Healthcare,4.4,0,0,58,40.5,18,37.7,92.8
277,D9,Line3,Government,4.7,0,5,16,5.3,8,18.0,93.7
278,D8,Line2,Government,4.3,1,3,26,16.3,18,25.0,89.6
279,D2,Line2,Manufacturing,4.2,1,2,38,39.7,15,26.9,97.0
280,D5,Line2,Government,3.1,1,3,14,21.8,4,33.7,92.1
281,D10,Line3,Manufacturing,3.2,1,7,44,4.5,14,30.7,93.7
282,D4,Line4,Retail,2.7,0,6,34,2.6,4,23.6,94.3
283,D4,Line3,Manufacturing,2.0,0,8,36,39.2,3,25.6,99.6
284,D8,Line2,Healthcare,3.4,0,1,27,28.1,0,22.2,88.7
285,D9,Line3,Retail,3.0,1,3,51,45.0,14,38.1,86.8
286,D1,Line1,Retail,2.4,1,5,55,14.8,4,21.5,85.9
287,D8,Line3,Government,4.3,1,1,23,21.9,13,25.9,90.2
288,D1,Line4,Retail,2.6,1,8,45,42.4,9,17.3,99.6
289,D10,Line3,Retail,1.8,0,4,24,29.1,1,34.5,94.6
290,D6,Line1,Manufacturing,1.3,1,9,18,18.5,14,38.2,96.9
291,D5,Line1,Government,1.6,0,3,19,42.2,20,30.3,91.1
292,D8,Line2,Retail,3.3,1,10,12,17.4,1,24.9,89.0
293,D6,Line2,Commercial Real Estate,3.7,0,1,8,1.3,1,33.9,95.1
294,D9,Line3,Commercial Real Estate,1.8,0,1,10,37.5,12,30.2,86.3
295,D10,Line2,Government,3.0,1,3,54,28.6,10,11.0,99.3
296,D7,Line2,Government,1.1,0,4,5,8.2,5,36.8,99.2
297,D4,Line2,Manufacturing,3.4,1,0,47,7.0,14,38.4,92.0
298,D8,Line3,Government,3.3,1,3,30,27.5,8,29.2,96.4
299,D9,Line1,Commercial Real Estate,1.9,0,4,48,17.8,15,13.0,85.6
300,D2,Line1,Education,2.9,0,4,26,44.1,10,21.2,99.9
301,D10,Line4,Government,4.8,1,0,42,26.9,8,40.0,93.2
302,D4,Line1,Manufacturing,4.5,0,0,9,2.9,0,26.9,87.7
303,D3,Line1,Education,1.1,0,0,50,2.2,0,36.1,90.2
304,D7,Line3,Retail,3.7,1,10,20,7.1,20,26.5,87.4
305,D3,Line4,Healthcare,1.6,1,3,11,35.3,13,29.9,98.5
306,D5,Line3,Healthcare,4.0,1,9,46,33.0,11,39.4,86.9
307,D5,Line2,Government,1.2,1,9,16,17.2,13,22.5,94.3
308,D7,Line2,Education,2.6,0,7,23,21.3,20,19.9,94.4
309,D10,Line4,Government,2.3,1,0,53,33.9,20,16.1,87.0
310,D8,Line3,Retail,3.3,1,1,14,24.9,17,22.0,88.8
311,D3,Line4,Manufacturing,2.2,0,7,36,16.5,15,19.0,87.5
312,D2,Line1,Education,3.1,0,6,50,43.9,6,35.7,97.0
313,D6,Line2,Government,3.1,1,9,5,21.5,10,13.0,86.8
314,D1,Line3,Commercial Real Estate,4.3,0,8,14,41.6,19,26.3,98.3
315,D7,Line1,Manufacturing,2.9,0,5,10,17.5,10,22.1,96.5
316,D7,Line3,Commercial Real Estate,4.0,0,2,43,21.2,2,35.7,85.6
317,D6,Line4,Healthcare,4.6,0,4,35,36.7,4,30.3,91.4
318,D4,Line1,Healthcare,3.9,1,9,39,5.8,7,29.8,88.1
319,D10,Line1,Manufacturing,3.3,0,5,13,6.7,13,10.0,98.6
320,D1,Line2,Healthcare,2.6,1,5,21,24.5,12,36.1,90.4
321,D1,Line4,Manufacturing,1.7,1,5,22,18.3,11,24.6,92.6
322,D2,Line4,Healthcare,1.3,1,7,46,15.5,8,33.8,86.1
323,D8,Line1,Commercial Real Estate,4.1,0,1,16,34.0,4,22.9,99.5
324,D9,Line1,Education,1.5,1,5,54,16.3,1,29.9,96.3
325,D8,Line2,Manufacturing,3.6,1,1,54,24.9,8,16.4,98.1
326,D2,Line3,Retail,3.6,0,6,49,1.6,11,38.1,91.0
327,D10,Line2,Manufacturing,3.8,1,3,40,38.9,7,27.6,95.0
328,D5,Line3,Government,3.6,0,8,29,28.8,17,23.9,93.2
329,D9,Line4,Healthcare,3.6,1,10,59,27.0,5,27.9,96.8
330,D1,Line1,Manufacturing,3.2,1,1,27,42.1,12,26.9,98.3
331,D4,Line3,Government,3.0,1,5,35,8.4,2,12.1,98.9
332,D2,Line4,Retail,1.7,0,3,41,27.7,0,28.6,85.5
333,D10,Line3,Commercial Real Estate,3.3,1,1,23,44.4,8,28.6,88.4
334,D9,Line3,Manufacturing,2.7,1,10,10,33.2,8,10.3,87.8
335,D4,Line3,Healthcare,3.4,1,7,6,45.4,16,10.1,91.3
336,D4,Line1,Government,3.1,1,3,28,2.7,14,17.3,97.3
337,D6,Line1,Government,4.1,0,1,11,2.1,8,21.7,93.5
338,D2,Line3,Government,3.0,0,9,11,32.0,1,26.2,95.8
339,D3,Line1,Retail,2.6,0,10,13,1.3,8,26.0,85.0
340,D6,Line3,Commercial Real Estate,2.4,0,7,53,43.4,8,26.5,94.9
341,D7,Line3,Retail,2.6,0,3,60,31.6,9,14.9,99.7
342,D4,Line1,Education,2.8,1,6,45,40.3,0,15.7,98.9
343,D2,Line1,Manufacturing,1.1,1,10,10,44.1,14,26.9,85.0
344,D1,Line1,Education,1.9,1,8,29,42.2,11,32.2,92.4
345,D10,Line2,Education,1.3,1,3,16,37.9,4,12.6,88.8
346,D4,Line4,Manufacturing,1.9,0,4,54,47.5,16,14.8,94.9
347,D3,Line4,Commercial Real Estate,2.6,0,5,7,20.4,15,22.1,87.4
348,D1,Line1,Education,1.2,0,2,28,31.0,12,19.9,90.4
349,D3,Line1,Commercial Real Estate,2.3,1,8,54,30.2,11,16.2,95.9
350,D8,Line3,Manufacturing,4.2,0,9,12,19.5,3,37.6,94.2
351,D10,Line3,Retail,4.9,0,3,28,29.2,15,20.2,90.5
352,D7,Line4,Education,4.1,0,9,33,18.1,15,17.0,85.8
353,D3,Line1,Healthcare,2.5,0,0,47,47.9,10,15.7,87.8
354,D7,Line1,Manufacturing,3.6,0,1,54,26.9,10,34.8,93.6
355,D6,Line1,Retail,4.2,1,7,16,39.6,9,16.0,97.0
356,D6,Line4,Education,4.1,1,6,12,5.4,3,13.0,89.3
357,D7,Line3,Retail,2.4,0,3,29,40.7,14,18.2,95.5
358,D4,Line2,Retail,1.2,0,10,27,20.7,6,28.8,89.0
359,D2,Line4,Education,4.4,1,6,36,13.3,8,33.2,97.5
360,D6,Line4,Healthcare,4.9,1,7,11,3.0,17,21.1,85.1
361,D8,Line4,Healthcare,4.7,1,8,42,42.2,6,27.0,88.3
362,D3,Line3,Education,4.8,0,8,31,8.8,19,30.2,89.1
363,D10,Line1,Healthcare,1.7,0,5,30,26.7,6,20.2,92.4
364,D3,Line2,Retail,3.4,1,8,6,12.6,16,34.6,94.1
365,D2,Line3,Commercial Real Estate,1.3,0,2,51,13.9,18,14.8,98.4
366,D4,Line3,Commercial Real Estate,1.5,1,4,5,38.9,10,21.5,98.4
367,D9,Line2,Retail,1.7,0,1,48,14.4,2,17.1,85.7
368,D9,Line2,Manufacturing,1.6,0,9,45,22.9,19,34.9,91.5
369,D3,Line3,Education,4.5,0,8,10,13.0,0,29.7,89.9
370,D8,Line3,Government,2.2,0,5,37,39.0,10,15.1,88.5
371,D6,Line1,Commercial Real Estate,3.8,0,7,45,45.1,6,23.7,96.3
372,D1,Line4,Manufacturing,3.6,0,3,16,24.7,13,28.0,97.8
373,D5,Line2,Government,1.1,0,10,29,12.1,5,25.6,95.7
374,D4,Line3,Government,2.8,0,3,24,7.8,6,28.7,85.1
375,D4,Line4,Commercial Real Estate,4.6,1,2,5,47.4,10,12.6,86.2
376,D3,Line4,Commercial Real Estate,1.6,0,9,58,45.9,8,35.3,89.8
377,D7,Line3,Manufacturing,4.5,0,4,26,29.3,0,33.2,94.6
378,D7,Line2,Education,2.7,0,7,8,35.6,6,12.8,85.4
379,D1,Line2,Commercial Real Estate,1.8,0,4,37,3.1,19,14.0,95.3
380,D5,Line1,Retail,3.9,0,2,17,3.2,16,17.0,87.4
381,D3,Line4,Healthcare,4.9,1,5,50,29.4,10,37.1,89.8
382,D4,Line3,Healthcare,2.0,0,10,49,32.5,4,24.3,87.3
383,D6,Line4,Healthcare,1.8,1,2,18,32.0,6,11.2,88.0
384,D7,Line4,Education,1.5,0,4,47,19.7,17,29.9,88.7
385,D1,Line3,Commercial Real Estate,1.5,0,0,38,46.6,12,28.6,87.6
386,D3,Line4,Commercial Real Estate,4.4,1,8,54,18.3,16,32.4,93.6
387,D8,Line3,Retail,1.0,1,3,14,8.4,5,23.4,96.0
388,D10,Line4,Commercial Real Estate,1.6,0,5,12,14.2,10,13.1,97.8
389,D8,Line3,Education,3.5,1,7,51,2.1,2,11.4,94.0
390,D3,Line4,Government,1.8,1,9,57,32.7,8,23.9,89.4
391,D2,Line4,Manufacturing,2.4,0,3,44,6.2,12,34.3,92.8
392,D9,Line1,Education,1.5,0,6,43,33.5,8,39.6,86.3
393,D9,Line2,Healthcare,2.8,1,2,21,16.6,10,16.6,93.2
394,D2,Line1,Government,1.6,1,5,17,17.6,7,38.7,99.4
395,D4,Line2,Manufacturing,1.4,1,8,10,28.8,1,23.9,90.8
396,D2,Line4,Government,2.0,0,10,53,22.7,16,31.2,88.6
397,D2,Line4,Government,1.9,0,10,5,35.1,10,15.3,96.0
398,D10,Line2,Commercial Real Estate,4.8,0,6,19,40.5,18,37.1,94.7
399,D9,Line4,Education,2.7,1,4,23,32.1,1,22.0,90.8
400,D9,Line4,Education,2.8,1,3,8,32.2,20,30.0,85.9
401,D2,Line4,Retail,4.7,0,10,18,6.2,8,25.3,88.5
402,D10,Line4,Commercial Real Estate,3.4,1,4,27,39.3,12,12.9,99.2
403,D1,Line4,Healthcare,2.3,0,4,28,38.5,6,35.1,98.6
404,D10,Line3,Retail,3.4,1,0,36,27.3,16,12.8,89.8
405,D6,Line4,Commercial Real Estate,1.7,1,3,40,36.5,2,27.6,89.8
406,D4,Line1,Healthcare,3.1,0,0,10,28.7,4,39.3,99.8
407,D9,Line1,Commercial Real Estate,4.4,0,3,43,20.6,6,25.5,91.5
408,D7,Line1,Retail,2.8,0,1,34,44.9,16,18.3,94.9
409,D10,Line4,Education,2.2,1,10,27,28.9,14,11.6,87.8
410,D4,Line3,Government,2.3,0,7,41,2.8,8,13.6,88.3
411,D7,Line4,Healthcare,3.9,1,9,32,38.5,19,11.7,89.7
412,D9,Line4,Government,3.2,1,10,26,39.0,14,21.3,88.4
413,D1,Line4,Manufacturing,3.8,0,6,12,5.4,4,38.0,95.7
414,D1,Line4,Government,4.5,0,6,25,18.2,10,26.5,89.1
415,D3,Line1,Government,1.0,1,6,25,8.0,9,23.4,93.3
416,D2,Line3,Manufacturing,3.7,1,4,57,13.2,16,23.1,94.5
417,D1,Line2,Healthcare,1.5,0,1,5,2.3,16,23.7,92.3
418,D1,Line3,Commercial Real Estate,1.6,1,1,47,46.9,7,35.5,97.4
419,D8,Line4,Healthcare,2.5,1,6,58,5.8,3,33.5,95.6
420,D8,Line1,Retail,3.5,1,8,50,28.0,11,11.0,92.4
421,D3,Line2,Education,3.3,1,7,51,43.3,18,19.4,96.4
422,D7,Line3,Healthcare,3.7,0,4,29,31.5,8,31.7,92.5
423,D10,Line1,Retail,3.0,0,5,19,47.7,4,25.0,98.2
424,D3,Line2,Education,1.7,1,9,36,12.9,15,25.1,99.3
425,D3,Line3,Healthcare,1.4,1,3,47,47.6,9,24.4,88.6
426,D10,Line4,Government,2.7,1,0,31,25.6,10,28.8,98.4
427,D6,Line2,Education,3.7,0,9,36,6.0,13,37.0,90.0
428,D9,Line3,Education,2.3,0,6,59,11.8,18,24.2,89.4
429,D2,Line3,Healthcare,2.7,0,7,60,15.9,15,29.4,93.3
430,D1,Line4,Healthcare,1.7,0,2,48,37.2,0,22.4,90.1
431,D4,Line4,Education,4.8,0,4,47,30.2,13,39.0,85.4
432,D4,Line4,Government,3.1,0,8,21,24.3,10,14.9,88.1
433,D8,Line1,Government,3.3,0,6,57,11.2,15,22.0,89.4
434,D3,Line3,Commercial Real Estate,3.1,1,7,46,31.0,18,21.5,99.3
435,D8,Line3,Retail,1.4,0,4,16,30.4,16,30.3,90.2
436,D3,Line1,Government,4.0,1,9,49,5.5,19,12.8,91.6
437,D3,Line1,Government,1.1,1,3,21,14.2,15,38.0,89.9
438,D1,Line2,Government,3.7,1,1,30,3.6,7,11.8,88.7
439,D10,Line4,Education,3.3,0,3,20,32.9,4,12.2,98.8
440,D10,Line4,Manufacturing,3.1,0,2,7,28.7,7,27.5,90.9
441,D8,Line2,Government,3.2,1,7,45,7.1,9,33.1,85.2
442,D9,Line4,Healthcare,3.5,0,5,43,25.7,15,10.3,94.8
443,D7,Line2,Education,4.8,1,2,12,2.3,5,11.1,93.1
444,D1,Line3,Government,1.2,0,8,47,14.1,2,17.6,85.6
445,D10,Line1,Healthcare,3.7,0,6,24,15.4,5,12.2,95.6
446,D2,Line3,Commercial Real Estate,4.4,1,2,27,16.8,10,22.1,96.5
447,D5,Line4,Manufacturing,2.9,1,10,49,16.7,12,30.3,99.6
448,D2,Line1,Commercial Real Estate,1.2,0,9,58,26.9,17,17.2,96.2
449,D7,Line3,Education,3.7,0,4,60,35.9,7,34.2,89.3
450,D10,Line1,Commercial Real Estate,2.6,1,2,56,38.2,20,26.0,91.0
451,D5,Line1,Government,4.3,1,3,49,26.7,7,35.1,90.2
452,D7,Line3,Retail,4.0,1,4,20,23.4,0,17.3,96.3
453,D3,Line1,Retail,3.9,0,7,22,21.8,10,35.8,97.0
454,D6,Line4,Retail,2.4,1,8,38,21.6,0,36.6,98.3
455,D7,Line1,Healthcare,4.4,0,3,49,22.4,10,26.5,88.4
456,D9,Line3,Education,4.9,0,5,53,46.2,15,26.2,88.9
457,D3,Line4,Education,2.5,1,3,55,17.9,19,15.8,94.8
458,D6,Line4,Government,4.6,1,3,29,19.6,5,33.0,92.1
459,D3,Line4,Government,2.3,1,7,6,3.5,2,21.6,90.8
460,D5,Line4,Government,4.8,0,6,34,7.5,17,28.9,92.9
461,D5,Line3,Government,2.6,1,5,50,23.8,17,14.9,93.3
462,D9,Line4,Retail,1.0,1,2,20,15.6,8,19.3,93.4
463,D10,Line1,Education,1.0,1,4,59,46.8,20,36.3,90.7
464,D10,Line4,Education,1.1,1,0,7,40.6,18,18.5,92.9
465,D4,Line2,Healthcare,3.5,0,7,58,28.6,16,22.1,98.7
466,D3,Line1,Government,3.9,0,9,12,42.4,12,18.8,87.8
467,D7,Line3,Retail,2.2,0,9,29,32.6,10,28.8,93.2
468,D6,Line4,Commercial Real Estate,2.7,1,2,45,12.3,15,16.9,85.1
469,D1,Line2,Education,2.4,0,0,22,38.9,7,35.6,87.6
470,D1,Line1,Manufacturing,1.7,0,4,48,8.1,3,27.3,96.1
471,D5,Line3,Healthcare,2.9,1,5,27,38.1,14,11.5,98.0
472,D5,Line4,Healthcare,1.4,0,1,22,23.3,19,25.2,94.0
473,D4,Line2,Healthcare,1.7,0,9,12,4.9,17,37.1,91.4
474,D9,Line3,Manufacturing,1.4,0,10,15,40.4,20,34.9,98.0
475,D5,Line3,Commercial Real Estate,2.6,0,0,15,20.9,17,39.5,93.1
476,D3,Line4,Education,1.7,1,5,37,15.9,19,16.2,89.5
477,D7,Line4,Government,4.2,1,1,29,27.6,15,27.1,95.6
478,D7,Line3,Education,4.5,1,1,13,11.9,1,17.1,85.3
479,D8,Line2,Commercial Real Estate,4.2,1,9,10,15.0,2,36.0,98.8
480,D7,Line1,Government,4.6,0,7,44,11.2,15,19.7,94.7
481,D8,Line1,Manufacturing,1.0,1,6,43,11.1,18,25.2,97.3
482,D2,Line4,Government,4.1,0,1,22,10.6,3,20.4,87.8
483,D1,Line2,Healthcare,2.2,1,10,59,1.9,20,15.6,89.8
484,D10,Line3,Commercial Real Estate,1.8,1,8,55,1.7,2,12.6,89.3
485,D1,Line1,Commercial Real Estate,3.9,0,0,26,33.4,15,38.3,86.2
486,D6,Line4,Retail,1.3,1,2,36,13.1,5,28.2,98.1
487,D9,Line1,Healthcare,4.3,0,5,35,29.4,3,35.2,97.5
488,D7,Line2,Education,3.4,1,10,34,19.4,2,14.5,97.6
489,D3,Line3,Government,4.5,1,5,6,28.3,3,21.2,91.0
490,D5,Line2,Manufacturing,2.3,1,3,28,23.9,4,38.5,96.4
491,D2,Line2,Retail,1.0,0,8,28,4.7,17,18.4,93.6
492,D1,Line1,Healthcare,4.8,0,3,48,7.4,2,13.3,94.1
493,D3,Line4,Retail,4.1,1,8,50,47.8,0,18.4,85.7
494,D7,Line1,Manufacturing,2.0,0,0,57,2.2,4,31.6,92.4
495,D7,Line4,Commercial Real Estate,2.4,0,7,21,14.5,19,27.1,85.3
496,D7,Line2,Manufacturing,1.3,0,8,10,34.4,10,15.7,98.2
497,D6,Line3,Healthcare,3.5,0,7,24,11.9,14,35.3,86.4
498,D1,Line4,Retail,4.2,1,7,52,14.9,18,16.6,85.5
499,D9,Line4,Education,4.4,0,8,53,15.1,4,26.4,96.5
500,D9,Line4,Manufacturing,1.7,0,5,43,19.9,15,39.6,86.7
501,D4,Line4,Government,4.8,0,5,50,39.2,19,37.8,88.5
502,D6,Line3,Healthcare,3.8,1,4,36,1.9,4,34.8,86.4
503,D9,Line4,Manufacturing,4.3,1,7,14,19.6,9,20.4,87.9
504,D2,Line4,Government,4.4,1,1,37,2.5,4,19.8,97.4
505,D9,Line4,Education,2.0,0,1,20,2.9,20,39.5,89.3
506,D4,Line2,Education,1.3,1,10,43,33.6,3,25.0,99.3
507,D10,Line3,Manufacturing,3.2,0,2,60,26.4,10,11.8,95.3
508,D5,Line2,Commercial Real Estate,4.2,1,0,44,31.8,16,10.9,95.4
509,D2,Line1,Retail,2.8,1,1,39,35.9,6,39.9,89.7
510,D6,Line2,Retail,1.9,1,0,31,5.5,9,37.6,99.5
511,D6,Line2,Government,1.7,1,7,32,23.6,15,17.0,97.2
512,D8,Line3,Healthcare,3.2,0,5,54,14.8,10,22.9,89.4
513,D6,Line1,Government,4.1,1,8,43,11.7,10,36.4,88.6
514,D3,Line1,Healthcare,4.3,1,10,18,33.6,17,15.0,87.5
515,D6,Line1,Government,4.4,0,2,39,7.1,11,34.3,98.1
516,D5,Line2,Commercial Real Estate,2.0,0,8,53,24.5,0,30.0,98.7
517,D1,Line4,Education,4.0,0,9,45,30.0,1,20.1,92.8
518,D5,Line2,Education,1.1,0,8,36,5.1,19,23.7,91.3
519,D6,Line2,Education,1.5,1,10,21,47.2,16,15.9,98.1
520,D9,Line3,Government,4.6,0,0,29,37.2,10,26.7,85.5
521,D4,Line3,Retail,3.7,0,10,46,41.6,19,14.2,88.3
522,D2,Line3,Government,5.0,0,3,8,33.2,2,12.8,98.8
523,D6,Line1,Commercial Real Estate,4.1,1,3,5,8.4,14,27.9,97.1
524,D2,Line4,Education,3.5,1,5,5,10.6,7,34.5,99.2
525,D1,Line1,Education,2.6,1,5,13,4.7,19,25.3,92.7
526,D10,Line1,Education,4.2,1,7,59,44.2,16,19.6,87.7
527,D10,Line2,Retail,4.7,1,6,25,20.6,10,33.3,88.8
528,D10,Line3,Commercial Real Estate,2.7,1,4,57,16.5,19,32.9,92.9
529,D3,Line4,Commercial Real Estate,2.5,1,10,53,31.7,19,23.0,92.3
530,D8,Line1,Manufacturing,3.1,0,1,30,7.0,15,28.0,96.0
531,D6,Line1,Healthcare,2.7,0,10,42,13.4,13,28.7,95.2
532,D5,Line1,Retail,1.7,1,10,5,19.1,19,34.7,85.6
533,D10,Line4,Manufacturing,1.4,0,1,7,16.8,9,34.6,87.5
534,D8,Line2,Manufacturing,2.1,1,9,19,28.7,18,29.3,93.0
535,D4,Line4,Healthcare,1.8,1,2,31,6.8,7,12.0,89.6
536,D8,Line3,Education,4.6,1,2,15,17.1,4,38.1,93.8
537,D6,Line1,Education,1.0,1,6,35,12.1,2,13.3,91.7
538,D1,Line3,Retail,1.9,1,1,30,26.2,1,15.5,90.1
539,D2,Line2,Manufacturing,2.2,0,9,40,37.2,14,36.2,87.9
540,D2,Line4,Education,2.9,1,0,52,38.5,7,28.7,96.3
541,D3,Line1,Retail,4.1,0,8,59,19.4,2,12.5,94.4
542,D8,Line1,Government,4.6,0,4,56,31.2,1,28.8,97.2
543,D7,Line3,Healthcare,3.0,1,2,60,15.8,5,29.8,89.4
544,D8,Line4,Education,2.3,0,3,25,24.5,9,35.2,92.0
545,D10,Line3,Government,3.3,1,2,40,28.3,17,39.7,91.1
546,D2,Line2,Education,1.2,0,7,42,42.7,12,22.4,94.2
547,D6,Line1,Healthcare,4.6,0,4,13,46.9,11,35.2,85.7
548,D1,Line2,Government,1.2,1,3,55,44.2,15,12.6,89.5
549,D3,Line2,Commercial Real Estate,1.7,1,4,20,45.9,3,33.5,96.5
550,D4,Line3,Commercial Real Estate,3.1,0,5,16,40.2,13,16.6,99.4
551,D7,Line2,Manufacturing,3.7,0,2,42,32.8,3,16.1,95.0
552,D5,Line4,Government,3.3,1,8,7,39.7,4,10.8,98.7
553,D2,Line2,Government,2.8,1,7,31,38.4,9,14.4,91.5
554,D10,Line4,Retail,1.8,1,6,42,40.4,7,18.4,86.8
555,D8,Line1,Healthcare,1.5,0,10,38,41.9,0,13.2,85.8
556,D2,Line3,Manufacturing,1.2,0,7,46,20.2,9,38.9,92.0
557,D6,Line3,Government,2.2,1,8,30,4.3,16,34.9,97.5
558,D1,Line1,Education,4.4,0,6,35,42.1,12,20.0,91.0
559,D10,Line1,Government,3.4,0,4,41,35.6,4,36.7,91.1
560,D9,Line2,Government,4.7,1,2,37,11.4,19,20.8,87.9
561,D3,Line2,Government,3.3,1,0,35,35.3,12,39.7,86.6
562,D3,Line2,Education,3.7,1,4,48,24.6,8,34.2,94.9
563,D1,Line1,Retail,3.0,0,0,23,35.9,5,34.0,93.5
564,D6,Line1,Education,2.6,0,5,44,24.9,12,39.1,99.0
565,D4,Line3,Commercial Real Estate,3.8,0,5,28,40.8,6,28.2,87.2
566,D5,Line3,Commercial Real Estate,4.3,0,10,46,6.2,7,16.1,90.9
567,D9,Line3,Education,4.3,1,1,35,30.0,15,15.7,95.2
568,D5,Line4,Retail,4.0,0,7,54,17.0,15,14.2,94.6
569,D8,Line2,Retail,4.3,1,10,43,8.1,0,27.2,85.8
570,D7,Line2,Education,1.3,1,9,55,28.0,0,13.3,87.1
571,D6,Line1,Commercial Real Estate,3.8,0,3,30,22.4,13,37.0,96.1
572,D1,Line2,Government,2.0,1,6,56,15.8,8,21.2,98.8
573,D10,Line1,Government,3.4,0,4,45,4.0,13,36.7,93.9
574,D1,Line4,Education,2.8,0,2,14,32.2,7,22.0,87.9
575,D1,Line2,Government,4.9,1,9,51,6.2,13,22.7,91.0
576,D3,Line1,Retail,5.0,1,10,9,34.6,17,24.9,94.0
577,D8,Line4,Healthcare,3.4,1,3,22,26.5,20,11.9,90.3
578,D3,Line3,Commercial Real Estate,3.7,0,9,13,24.8,10,10.1,93.1
579,D2,Line4,Healthcare,2.6,1,3,53,38.0,16,39.0,99.2
580,D2,Line3,Education,2.7,0,3,13,13.2,14,39.3,91.1
581,D2,Line1,Government,1.2,1,7,24,18.9,6,29.6,91.5
582,D1,Line4,Education,1.9,1,2,19,18.2,3,36.6,92.1
583,D5,Line1,Retail,2.9,1,3,30,7.5,17,30.3,86.5
584,D2,Line4,Manufacturing,1.7,1,3,17,35.1,13,35.3,97.1
585,D7,Line4,Manufacturing,2.8,1,9,32,31.5,18,10.2,96.3
586,D4,Line2,Healthcare,4.7,1,2,42,1.7,8,37.4,91.0
587,D4,Line3,Education,2.6,0,6,19,9.8,17,36.7,93.7
588,D8,Line3,Commercial Real Estate,3.1,1,6,18,47.4,11,15.8,90.2
589,D6,Line3,Retail,2.6,1,4,5,36.2,2,10.4,97.0
590,D2,Line3,Healthcare,2.3,1,4,33,42.1,14,33.7,93.8
591,D10,Line3,Education,1.3,1,3,55,23.8,9,13.5,95.7
592,D9,Line3,Education,2.3,0,7,16,36.7,10,36.9,88.8
593,D6,Line3,Manufacturing,2.4,0,1,12,31.5,5,12.9,94.8
594,D1,Line3,Government,2.7,1,9,9,43.0,18,28.2,99.2
595,D9,Line3,Education,4.7,0,4,9,28.0,5,24.5,93.3
596,D8,Line2,Retail,3.6,0,8,48,46.1,6,19.2,93.8
597,D4,Line4,Retail,2.1,0,2,5,46.6,12,32.2,94.4
598,D3,Line3,Manufacturing,3.7,0,8,7,43.1,19,28.3,93.5
599,D4,Line3,Manufacturing,2.1,0,7,60,35.1,4,10.4,99.7
600,D2,Line4,Government,1.8,0,4,59,12.9,2,11.6,98.1
601,D9,Line1,Healthcare,2.7,0,10,19,40.5,6,26.3,88.0
602,D3,Line4,Commercial Real Estate,1.1,0,7,9,42.9,3,19.4,94.4
603,D2,Line2,Education,2.1,0,10,45,26.9,20,36.3,86.3
604,D7,Line2,Government,3.2,1,3,10,32.5,17,23.1,92.0
605,D1,Line1,Education,1.6,1,7,8,2.5,5,23.1,89.1
606,D5,Line4,Healthcare,2.4,0,0,47,10.4,16,17.6,87.6
607,D9,Line1,Education,4.5,0,5,54,19.4,6,34.1,98.0
608,D10,Line2,Government,2.4,1,10,32,8.5,4,12.0,86.0
609,D3,Line1,Commercial Real Estate,1.1,1,3,14,5.7,18,38.7,91.5
610,D3,Line4,Retail,2.0,1,8,59,26.6,4,39.9,95.7
611,D10,Line3,Manufacturing,1.5,1,9,31,23.6,2,23.5,90.8
612,D3,Line2,Retail,4.5,0,2,11,2.1,15,14.0,98.4
613,D4,Line4,Government,3.2,1,3,26,17.6,5,15.9,92.2
614,D5,Line4,Retail,3.8,1,1,10,4.4,5,24.7,93.3
615,D6,Line1,Commercial Real Estate,3.0,1,6,54,33.0,8,24.3,88.1
616,D4,Line3,Manufacturing,2.3,1,2,19,9.2,9,40.0,99.4
617,D1,Line1,Retail,3.0,1,3,26,1.7,20,21.1,85.3
618,D7,Line1,Commercial Real Estate,2.7,0,10,51,25.1,12,13.5,86.5
619,D4,Line1,Commercial Real Estate,3.6,1,5,22,33.7,7,19.3,87.5
620,D9,Line3,Manufacturing,2.0,0,3,45,19.9,5,33.2,87.9
621,D10,Line2,Manufacturing,3.1,1,4,39,3.9,11,29.8,97.6
622,D8,Line4,Education,1.6,0,8,15,38.1,16,39.4,95.0
623,D3,Line2,Government,3.8,0,0,12,3.8,0,21.0,96.8
624,D8,Line4,Healthcare,2.1,1,1,26,47.6,7,16.4,89.7
625,D10,Line4,Manufacturing,1.4,1,8,51,12.0,5,24.0,86.7
626,D5,Line3,Manufacturing,3.6,0,6,18,22.8,20,36.6,98.4
627,D8,Line1,Education,4.5,1,9,26,22.0,20,37.5,94.4
628,D8,Line4,Healthcare,1.5,0,2,8,36.4,6,19.7,96.9
629,D4,Line1,Government,3.7,1,5,25,9.5,19,25.9,89.4
630,D1,Line1,Education,3.8,1,9,25,42.6,15,16.5,90.4
631,D10,Line3,Manufacturing,4.4,1,10,32,47.3,14,13.5,97.0
632,D6,Line1,Healthcare,1.2,0,0,56,42.4,20,23.9,88.0
633,D10,Line1,Government,3.7,1,9,20,14.2,20,11.2,86.0
634,D2,Line4,Manufacturing,4.2,0,8,60,32.4,18,17.6,87.0
635,D9,Line2,Healthcare,3.9,0,10,27,11.4,15,33.3,98.0
636,D8,Line2,Education,3.7,1,5,44,7.4,13,30.8,92.2
637,D8,Line1,Retail,1.2,0,7,17,34.3,5,17.8,92.4
638,D5,Line1,Commercial Real Estate,2.4,1,1,17,23.6,9,35.9,89.4
639,D2,Line4,Manufacturing,4.7,0,10,32,17.2,13,39.9,86.6
640,D1,Line2,Education,1.5,1,0,36,2.9,11,39.3,97.4
641,D9,Line3,Manufacturing,4.4,1,5,17,29.6,15,31.7,95.9
642,D10,Line1,Healthcare,2.8,1,2,58,37.3,6,11.1,86.1
643,D9,Line2,Government,4.4,0,7,28,25.6,5,35.3,97.7
644,D2,Line2,Healthcare,4.6,1,4,50,30.5,7,38.4,86.0
645,D6,Line3,Retail,2.6,1,3,42,4.8,2,36.9,94.4
646,D1,Line2,Government,4.5,0,3,53,12.3,14,31.7,94.5
647,D1,Line3,Retail,3.9,0,0,37,23.9,20,34.6,85.6
648,D9,Line3,Manufacturing,3.6,1,9,24,20.4,2,35.8,93.1
649,D9,Line4,Healthcare,4.6,1,1,54,26.2,9,31.4,87.2
650,D10,Line3,Government,2.8,0,6,17,2.6,10,28.5,87.2
651,D7,Line1,Manufacturing,1.7,0,9,50,25.6,19,39.9,89.7
652,D10,Line2,Manufacturing,2.7,0,4,19,31.6,5,34.8,92.2
653,D10,Line2,Healthcare,4.2,0,10,8,37.2,5,17.8,90.4
654,D9,Line4,Retail,3.6,0,0,52,4.4,3,33.4,91.6
655,D1,Line1,Healthcare,1.2,1,1,23,41.5,15,39.5,90.3
656,D3,Line1,Government,2.2,1,9,39,16.6,12,15.2,97.4
657,D1,Line3,Healthcare,1.2,1,2,55,22.4,5,23.4,96.1
658,D8,Line3,Retail,4.2,0,8,15,47.3,3,31.9,87.2
659,D5,Line3,Commercial Real Estate,3.4,1,4,20,1.3,5,33.4,98.4
660,D2,Line1,Government,3.1,1,7,38,15.3,12,17.1,86.8
661,D2,Line4,Retail,4.7,0,2,58,6.1,0,31.8,90.4
662,D8,Line3,Retail,1.1,1,3,34,23.0,5,30.8,97.2
663,D9,Line1,Healthcare,4.7,0,1,58,14.0,4,36.0,87.1
664,D2,Line4,Manufacturing,2.8,0,7,38,34.8,0,29.1,91.6
665,D7,Line2,Manufacturing,2.2,1,2,7,48.0,13,18.8,88.0
666,D10,Line3,Manufacturing,3.6,1,10,15,36.4,15,39.4,86.5
667,D1,Line3,Healthcare,1.1,1,2,25,35.2,12,17.6,88.3
668,D10,Line4,Government,4.9,1,7,6,42.0,2,16.1,90.3
669,D8,Line3,Retail,4.9,1,0,49,38.3,18,22.4,96.4
670,D4,Line1,Healthcare,3.5,0,0,52,14.1,9,32.8,92.3
671,D1,Line4,Healthcare,3.3,0,0,25,43.1,19,19.7,90.3
672,D9,Line1,Commercial Real Estate,3.2,1,6,11,33.2,16,39.0,88.2
673,D10,Line4,Commercial Real Estate,3.0,1,4,26,5.2,16,20.5,85.6
674,D8,Line1,Healthcare,3.2,0,6,12,20.2,1,10.8,93.7
675,D9,Line3,Education,2.8,1,3,21,34.3,17,18.7,97.1
676,D5,Line1,Commercial Real Estate,4.8,0,3,30,38.2,15,24.6,98.0
677,D1,Line1,Healthcare,3.9,1,0,45,6.2,15,34.9,92.5
678,D2,Line2,Education,3.6,0,0,17,43.6,6,30.5,99.4
679,D4,Line4,Government,4.0,1,0,47,1.6,20,13.2,92.6
680,D5,Line4,Education,4.4,1,8,26,21.8,12,27.4,99.3
681,D7,Line2,Healthcare,4.2,0,7,6,43.9,14,39.0,85.9
682,D4,Line3,Commercial Real Estate,3.1,1,1,41,19.0,4,11.7,85.9
683,D2,Line4,Healthcare,3.9,0,0,42,13.3,17,37.9,88.8
684,D7,Line3,Healthcare,3.2,0,9,11,36.1,3,16.9,90.0
685,D1,Line1,Manufacturing,1.6,0,7,14,34.4,1,19.4,98.3
686,D9,Line2,Education,1.1,1,6,42,25.1,1,15.3,93.1
687,D2,Line3,Retail,4.9,1,2,11,12.7,7,16.3,88.1
688,D4,Line2,Education,4.6,1,3,43,16.0,1,27.6,92.2
689,D2,Line1,Healthcare,2.1,0,5,33,41.1,5,19.3,88.8
690,D9,Line4,Commercial Real Estate,1.5,1,3,37,25.9,8,33.0,96.9
691,D9,Line3,Education,4.2,1,3,19,8.4,4,29.6,94.8
692,D3,Line1,Education,3.6,1,7,45,26.7,18,34.9,91.1
693,D5,Line3,Manufacturing,3.9,0,6,40,25.1,18,33.8,91.5
694,D3,Line2,Retail,3.3,0,0,40,41.8,10,37.9,93.6
695,D2,Line3,Government,1.3,1,2,23,34.9,0,17.4,88.4
696,D2,Line2,Education,1.5,0,8,58,12.8,12,37.6,94.8
697,D6,Line4,Healthcare,4.9,1,10,38,12.4,9,38.6,99.9
698,D4,Line2,Education,2.8,0,8,20,1.1,7,33.8,87.4
699,D7,Line1,Healthcare,3.1,0,3,23,3.6,8,33.3,86.0
700,D8,Line1,Commercial Real Estate,2.2,0,10,10,41.0,14,31.4,89.9
701,D7,Line1,Healthcare,2.6,0,4,35,31.8,11,15.9,98.0
702,D2,Line1,Healthcare,1.9,0,6,53,19.8,12,10.9,99.9
703,D7,Line1,Retail,4.7,0,8,53,14.6,5,36.9,95.1
704,D3,Line3,Education,2.4,0,7,27,38.1,15,30.3,98.7
705,D7,Line3,Healthcare,2.3,1,0,14,2.9,16,22.5,95.9
706,D10,Line4,Education,3.6,0,3,14,14.9,6,28.1,90.3
707,D8,Line4,Government,2.7,1,1,17,13.7,13,24.0,86.4
708,D9,Line1,Manufacturing,2.0,0,6,10,42.8,6,34.8,93.1
709,D6,Line3,Education,3.3,0,7,53,3.3,9,39.0,96.2
710,D5,Line1,Healthcare,2.0,0,10,11,8.6,10,16.3,89.7
711,D5,Line1,Government,2.7,0,8,25,32.8,17,37.6,93.3
712,D6,Line4,Government,1.0,0,0,23,25.1,14,36.7,99.3
713,D6,Line3,Retail,3.0,0,6,14,26.9,8,18.0,96.6
714,D3,Line2,Healthcare,1.1,1,3,25,8.5,17,30.6,97.5
715,D9,Line3,Healthcare,1.6,1,9,24,3.8,19,35.4,89.7
716,D10,Line3,Education,4.6,1,8,48,6.2,1,11.5,86.0
717,D1,Line4,Retail,4.1,0,5,40,30.4,5,33.8,97.3
718,D10,Line2,Retail,2.0,0,5,30,47.8,2,30.3,87.1
719,D7,Line2,Government,3.9,0,0,11,46.9,17,14.6,94.5
720,D4,Line4,Manufacturing,1.6,0,3,25,16.9,2,14.0,94.0
721,D5,Line1,Education,1.8,1,5,60,22.4,9,28.8,90.5
722,D10,Line2,Manufacturing,4.8,1,6,44,6.3,9,37.0,94.8
723,D4,Line4,Commercial Real Estate,2.5,0,5,30,47.1,15,29.5,99.2
724,D5,Line4,Retail,5.0,1,5,35,4.2,12,16.4,89.1
725,D3,Line1,Commercial Real Estate,3.8,1,0,48,19.6,14,36.7,90.7
726,D6,Line2,Retail,2.9,1,1,5,38.1,1,18.1,86.1
727,D9,Line4,Education,3.8,1,1,59,6.2,20,22.3,93.1
728,D1,Line1,Education,1.0,1,9,47,33.2,10,13.4,91.4
729,D7,Line3,Healthcare,4.5,1,0,36,14.9,15,26.8,91.0
730,D7,Line3,Manufacturing,1.9,1,5,15,31.8,8,18.9,93.6
731,D10,Line1,Manufacturing,4.5,1,9,46,19.7,6,13.1,87.5
732,D9,Line2,Retail,2.7,0,0,16,13.6,13,22.9,92.3
733,D7,Line4,Education,3.3,1,1,56,12.0,10,11.3,86.9
734,D3,Line4,Healthcare,3.8,0,8,28,12.5,0,38.0,98.6
735,D9,Line1,Commercial Real Estate,1.2,0,0,40,30.9,6,23.3,97.7
736,D7,Line4,Government,1.7,0,10,7,7.1,5,19.8,91.8
737,D1,Line3,Commercial Real Estate,2.3,1,6,37,12.7,18,26.2,88.5
738,D2,Line1,Manufacturing,3.0,1,4,33,9.6,20,18.7,94.2
739,D6,Line3,Healthcare,3.1,0,7,36,5.7,11,38.3,97.8
740,D7,Line3,Commercial Real Estate,1.3,1,9,36,22.0,11,25.6,96.2
741,D1,Line1,Government,3.3,0,7,59,12.3,3,14.8,89.7
742,D1,Line1,Retail,4.1,0,4,60,43.1,14,39.7,89.3
743,D1,Line2,Government,1.1,0,10,27,4.3,1,16.8,91.3
744,D4,Line4,Commercial Real Estate,2.3,0,0,24,6.8,5,22.1,92.0
745,D10,Line4,Education,2.8,0,7,33,32.6,12,12.4,96.6
746,D6,Line1,Commercial Real Estate,1.6,0,5,41,2.2,8,15.6,87.0
747,D9,Line2,Commercial Real Estate,3.4,1,4,13,42.9,0,27.8,94.1
748,D9,Line4,Manufacturing,3.1,1,8,28,5.3,6,14.6,96.4
749,D2,Line1,Commercial Real Estate,3.6,1,6,44,44.9,6,32.6,98.0
750,D8,Line4,Commercial Real Estate,1.0,0,7,60,35.1,1,35.3,91.4
751,D3,Line4,Retail,1.6,1,2,6,28.3,5,36.2,85.7
752,D10,Line1,Healthcare,2.4,0,3,7,39.5,12,24.1,89.6
753,D7,Line4,Commercial Real Estate,2.8,1,9,55,37.9,1,25.3,90.8
754,D2,Line3,Education,2.9,0,7,49,9.8,10,20.5,86.3
755,D8,Line4,Education,4.8,0,8,18,3.5,4,18.3,92.3
756,D1,Line1,Healthcare,3.7,1,8,19,4.1,16,18.9,91.8
757,D6,Line4,Healthcare,4.6,1,0,56,13.9,8,28.2,91.8
758,D2,Line3,Government,3.0,1,7,13,3.6,8,38.6,86.1
759,D5,Line2,Manufacturing,3.1,0,4,52,28.6,8,13.5,87.6
760,D6,Line2,Commercial Real Estate,3.4,0,8,35,6.0,7,35.2,88.3
761,D3,Line4,Healthcare,4.9,0,0,46,10.3,19,39.7,92.4
762,D3,Line3,Retail,4.3,0,4,52,28.1,14,33.6,92.7
763,D6,Line3,Government,1.0,0,4,15,18.8,6,21.0,99.2
764,D5,Line3,Healthcare,4.7,0,7,36,23.7,3,18.5,91.3
765,D1,Line2,Commercial Real Estate,4.7,1,9,39,47.8,7,34.7,97.1
766,D6,Line2,Retail,4.7,1,4,22,27.1,16,18.1,87.0
767,D10,Line2,Commercial Real Estate,3.7,1,10,36,20.0,10,31.5,86.8
768,D1,Line3,Retail,2.2,0,5,34,24.2,7,21.4,95.8
769,D4,Line2,Government,2.4,1,0,39,41.8,0,14.0,96.7
770,D5,Line2,Manufacturing,1.7,1,8,33,12.1,0,37.4,89.4
771,D9,Line1,Manufacturing,1.4,1,7,19,30.4,12,29.2,94.6
772,D6,Line4,Healthcare,3.8,0,10,57,38.1,14,13.5,99.1
773,D10,Line2,Government,4.5,0,4,22,7.1,17,30.6,86.4
774,D9,Line3,Education,1.6,0,3,41,27.4,16,20.4,95.9
775,D1,Line4,Retail,4.9,1,3,58,38.5,14,28.2,97.7
776,D1,Line3,Manufacturing,2.0,1,9,40,44.8,3,16.5,99.7
777,D10,Line2,Healthcare,1.8,1,6,30,25.7,11,36.9,87.9
778,D8,Line1,Healthcare,2.0,1,3,44,7.7,10,29.6,92.8
779,D2,Line4,Healthcare,1.6,0,1,36,41.1,1,39.5,85.6
780,D1,Line2,Government,1.8,0,7,23,28.5,3,24.9,93.7
781,D5,Line1,Commercial Real Estate,4.5,0,7,34,9.6,2,25.7,87.9
782,D3,Line1,Healthcare,1.9,0,3,50,42.3,17,21.5,86.7
783,D3,Line3,Education,4.1,0,6,26,25.7,19,13.6,86.4
784,D7,Line4,Government,2.2,0,8,34,23.8,3,37.7,94.9
785,D2,Line4,Healthcare,4.4,1,9,54,17.3,3,16.2,91.2
786,D2,Line1,Commercial Real Estate,1.4,1,4,53,29.0,0,21.0,89.9
787,D8,Line3,Healthcare,2.1,1,1,40,19.6,20,10.7,95.9
788,D8,Line3,Retail,4.2,0,7,35,24.5,0,11.4,96.3
789,D5,Line4,Retail,1.9,0,4,26,40.2,16,23.0,88.6
790,D1,Line1,Retail,2.6,1,5,55,2.8,1,12.3,88.7
791,D7,Line3,Commercial Real Estate,4.1,0,6,53,20.3,14,25.7,99.7
792,D8,Line2,Healthcare,3.7,0,0,48,11.6,16,15.3,85.8
793,D4,Line3,Commercial Real Estate,1.7,0,6,55,26.3,18,18.6,88.1
794,D7,Line4,Education,2.8,1,0,50,26.7,12,31.6,87.2
795,D7,Line1,Manufacturing,4.3,1,8,45,39.4,19,15.6,88.3
796,D4,Line3,Retail,3.4,0,1,19,30.0,8,18.3,90.8
797,D10,Line4,Retail,3.0,1,1,49,24.5,15,32.3,90.3
798,D10,Line1,Commercial Real Estate,4.7,1,0,48,27.6,4,14.3,98.9
799,D10,Line4,Healthcare,3.4,1,1,54,33.9,4,20.7,89.9
800,D5,Line1,Healthcare,2.1,1,7,14,47.4,10,25.8,86.0
801,D9,Line3,Retail,1.5,0,0,18,30.2,9,36.3,88.5
802,D1,Line3,Government,3.2,0,8,54,41.4,14,35.7,98.6
803,D9,Line3,Government,1.4,1,3,49,33.5,9,14.6,94.8
804,D10,Line1,Commercial Real Estate,4.3,1,5,26,11.0,1,22.5,96.8
805,D2,Line3,Government,2.9,0,9,9,37.3,9,14.9,86.9
806,D1,Line1,Manufacturing,3.6,0,2,7,6.6,0,11.1,89.4
807,D3,Line4,Education,1.2,1,6,24,37.6,0,17.4,97.2
808,D2,Line3,Government,1.1,0,7,29,24.6,5,11.6,93.4
809,D7,Line2,Education,3.3,1,0,41,19.1,8,17.8,96.6
810,D4,Line1,Education,4.2,0,3,30,13.1,7,22.8,91.2
811,D3,Line1,Manufacturing,2.5,1,10,53,32.8,19,17.2,89.7
812,D5,Line3,Healthcare,1.5,0,8,6,43.6,16,22.2,87.3
813,D9,Line4,Retail,4.2,0,10,22,13.1,17,39.0,88.5
814,D3,Line2,Government,4.0,1,7,42,43.7,10,25.8,88.8
815,D9,Line2,Education,4.4,0,6,18,21.4,17,21.7,91.3
816,D4,Line1,Healthcare,2.9,0,9,59,9.2,18,34.4,85.4
817,D2,Line1,Manufacturing,3.1,1,1,52,23.3,11,31.1,91.5
818,D7,Line3,Commercial Real Estate,5.0,1,2,51,30.3,16,38.7,91.5
819,D2,Line3,Retail,3.7,0,9,12,6.0,20,23.1,89.3
820,D10,Line4,Education,4.7,1,9,22,3.5,2,29.2,87.6
821,D7,Line3,Education,2.9,0,9,42,17.3,16,22.3,99.9
822,D6,Line3,Commercial Real Estate,4.2,0,4,54,40.9,9,18.9,99.3
823,D1,Line4,Healthcare,4.9,0,6,52,31.0,5,30.4,93.3
824,D3,Line1,Government,2.5,1,1,32,7.2,12,18.5,93.4
825,D5,Line2,Commercial Real Estate,2.6,0,9,18,24.1,14,27.8,91.6
826,D5,Line2,Manufacturing,3.9,1,8,48,36.5,1,27.6,90.9
827,D8,Line2,Retail,2.3,1,6,5,9.2,6,35.5,90.4
828,D2,Line4,Commercial Real Estate,1.9,0,7,56,30.6,4,36.4,88.8
829,D8,Line2,Retail,2.7,1,5,37,40.2,3,11.6,99.8
830,D4,Line4,Commercial Real Estate,2.4,0,2,37,6.4,18,13.1,93.8
831,D1,Line1,Education,1.3,1,10,41,26.6,7,31.7,87.6
832,D10,Line4,Education,3.5,0,8,33,44.3,7,34.8,90.1
833,D9,Line3,Retail,4.7,1,5,7,26.3,7,23.0,93.4
834,D2,Line4,Government,1.4,0,4,40,30.5,1,20.5,98.5
835,D3,Line4,Retail,3.4,1,8,36,23.1,13,10.9,86.0
836,D8,Line3,Retail,3.6,0,8,5,34.5,19,29.4,90.9
837,D2,Line4,Education,2.3,0,0,12,45.1,16,13.4,92.0
838,D2,Line1,Government,4.0,1,7,26,30.0,13,32.1,88.0
839,D7,Line2,Commercial Real Estate,3.6,1,3,50,3.5,12,34.7,91.0
840,D8,Line1,Healthcare,2.0,1,1,50,45.2,20,23.3,88.0
841,D3,Line4,Education,3.2,1,7,11,37.0,13,25.1,89.5
842,D8,Line4,Education,4.3,1,4,39,40.0,12,14.8,89.0
843,D7,Line3,Government,3.0,1,8,18,22.6,8,33.5,94.8
844,D2,Line2,Commercial Real Estate,4.1,0,7,40,25.1,14,39.8,85.6
845,D9,Line1,Commercial Real Estate,4.6,1,3,5,44.0,17,35.6,94.3
846,D7,Line2,Education,3.3,0,8,49,18.1,2,13.6,98.6
847,D4,Line1,Commercial Real Estate,1.6,1,9,11,43.7,10,11.6,90.4
848,D1,Line3,Commercial Real Estate,1.7,1,3,25,8.4,13,23.0,88.7
849,D5,Line3,Government,2.0,1,8,47,16.5,8,22.2,87.0
850,D4,Line2,Retail,4.4,1,10,53,6.0,6,31.7,87.4
851,D9,Line1,Commercial Real Estate,5.0,1,2,41,25.1,20,34.7,92.4
852,D10,Line3,Retail,1.1,0,1,16,23.8,5,28.5,92.7
853,D7,Line2,Manufacturing,2.3,0,9,54,34.6,17,13.4,97.2
854,D4,Line1,Healthcare,2.4,1,7,21,3.6,17,27.5,86.7
855,D8,Line2,Manufacturing,3.3,1,0,54,5.5,9,22.7,91.3
856,D6,Line3,Healthcare,2.7,0,2,36,35.3,9,38.0,99.7
857,D7,Line3,Retail,3.3,0,9,5,32.4,11,17.5,97.7
858,D6,Line4,Manufacturing,3.9,0,5,20,28.0,10,10.7,88.1
859,D4,Line4,Retail,4.2,1,0,9,10.1,4,18.2,99.4
860,D3,Line2,Healthcare,3.1,0,1,20,43.3,11,15.8,99.9
861,D4,Line3,Government,2.5,1,4,51,11.7,5,16.2,86.7
862,D10,Line4,Retail,1.6,1,4,24,46.2,19,10.4,90.3
863,D5,Line1,Education,1.1,0,10,24,12.9,18,17.0,89.0
864,D7,Line3,Education,3.8,1,3,26,10.1,15,22.6,90.0
865,D10,Line2,Retail,1.5,1,3,9,30.3,7,19.8,91.9
866,D5,Line3,Education,1.3,1,8,26,17.8,16,13.7,85.7
867,D6,Line1,Education,1.0,0,4,27,26.0,9,13.2,93.8
868,D2,Line3,Retail,4.4,1,8,56,47.4,6,28.9,86.5
869,D9,Line4,Government,1.2,0,10,52,25.8,9,37.7,96.8
870,D10,Line1,Government,3.0,0,5,32,16.6,6,25.3,93.4
871,D10,Line1,Healthcare,2.6,1,7,7,14.4,3,33.5,98.1
872,D5,Line2,Education,4.6,1,10,50,23.2,1,34.9,95.0
873,D7,Line1,Healthcare,1.7,1,0,13,44.0,10,15.8,91.2
874,D5,Line4,Government,4.8,1,8,48,20.8,12,11.8,95.9
875,D6,Line2,Healthcare,2.6,0,7,22,39.9,3,33.4,98.3
876,D10,Line4,Commercial Real Estate,3.7,1,10,56,43.8,20,19.8,88.7
877,D4,Line1,Manufacturing,1.3,1,2,41,38.5,7,15.4,97.1
878,D10,Line3,Healthcare,4.2,1,7,28,4.0,10,30.9,93.4
879,D2,Line4,Government,4.4,0,8,53,45.0,2,26.3,91.6
880,D5,Line1,Government,4.0,0,9,49,26.6,0,24.4,87.1
881,D6,Line2,Retail,4.6,0,1,48,47.0,3,14.0,91.7
882,D1,Line4,Retail,4.5,1,1,53,46.7,4,27.0,97.8
883,D3,Line1,Manufacturing,2.4,0,0,52,19.1,7,29.6,99.7
884,D3,Line2,Retail,3.5,0,8,10,41.0,6,14.1,85.7
885,D8,Line2,Manufacturing,1.5,0,10,47,4.0,7,11.4,98.8
886,D1,Line3,Government,3.7,1,8,19,29.0,15,36.1,98.6
887,D4,Line3,Healthcare,3.5,1,7,57,18.7,20,14.5,86.0
888,D8,Line2,Retail,2.4,0,6,8,38.3,5,10.9,89.5
889,D6,Line3,Healthcare,1.4,1,6,27,10.5,4,14.2,88.5
890,D10,Line2,Government,1.1,0,5,12,34.9,20,21.6,97.7
891,D10,Line3,Government,1.1,0,1,18,12.5,1,20.4,91.4
892,D5,Line1,Manufacturing,4.2,0,10,7,29.9,0,24.9,96.0
893,D7,Line2,Retail,4.9,0,7,19,35.7,11,25.7,88.2
894,D9,Line1,Healthcare,2.8,0,4,46,14.9,19,33.5,98.1
895,D1,Line2,Healthcare,3.1,1,4,11,12.0,19,34.8,95.6
896,D3,Line3,Government,2.7,0,8,24,22.1,6,37.6,100.0
897,D1,Line1,Government,2.6,1,2,32,7.2,13,24.9,97.4
898,D6,Line2,Commercial Real Estate,3.3,1,8,55,28.6,4,21.6,96.2
899,D10,Line4,Healthcare,2.8,0,6,59,22.4,9,23.5,87.6
900,D5,Line3,Healthcare,2.7,0,2,48,42.5,19,19.0,99.1
901,D4,Line1,Education,1.2,0,5,19,28.4,20,25.7,94.3
902,D3,Line4,Manufacturing,2.1,1,5,44,21.6,16,20.9,92.3
903,D10,Line4,Healthcare,2.8,0,5,7,11.9,16,16.5,86.1
904,D8,Line3,Commercial Real Estate,1.3,1,10,43,47.7,18,16.4,88.6
905,D2,Line3,Healthcare,3.1,0,0,43,19.0,15,20.3,88.2
906,D1,Line1,Commercial Real Estate,1.6,0,9,27,24.3,3,37.9,91.4
907,D5,Line4,Government,2.0,0,2,8,32.2,11,15.5,92.6
908,D7,Line4,Retail,4.2,0,1,56,31.8,14,12.5,89.4
909,D5,Line3,Education,1.1,1,6,27,13.8,11,35.1,98.1
910,D1,Line4,Manufacturing,2.7,0,4,25,23.6,9,25.5,88.8
911,D5,Line1,Government,3.8,0,3,52,9.8,6,20.8,93.6
912,D8,Line2,Government,5.0,0,7,49,44.4,15,32.1,94.2
913,D2,Line3,Manufacturing,2.3,0,8,49,24.0,8,31.4,94.5
914,D2,Line2,Commercial Real Estate,4.0,1,1,47,29.1,1,23.7,94.6
915,D7,Line2,Retail,1.5,1,6,59,27.8,16,19.6,88.4
916,D4,Line3,Retail,2.1,1,1,49,27.7,2,22.7,98.0
917,D1,Line1,Manufacturing,4.9,1,2,38,19.9,10,22.0,86.4
918,D4,Line4,Healthcare,3.7,0,9,10,3.9,8,22.9,96.9
919,D4,Line4,Government,3.8,1,2,37,26.1,17,30.9,95.6
920,D2,Line4,Healthcare,3.7,1,6,36,4.4,12,36.3,86.9
921,D8,Line1,Retail,1.4,1,10,12,23.4,20,33.7,88.4
922,D6,Line2,Commercial Real Estate,2.0,1,9,12,43.5,12,27.9,88.9
923,D8,Line4,Retail,1.1,0,6,53,18.1,6,21.0,91.6
924,D6,Line4,Manufacturing,1.3,1,5,40,5.1,1,38.4,88.0
925,D10,Line4,Commercial Real Estate,2.4,0,5,30,9.8,20,30.8,90.5
926,D4,Line4,Healthcare,1.5,1,0,54,3.8,14,13.8,94.1
927,D3,Line1,Retail,3.1,1,1,57,36.4,16,33.2,92.4
928,D2,Line2,Government,4.3,0,2,8,32.2,6,27.5,94.2
929,D3,Line4,Government,2.0,0,8,24,25.3,14,34.5,97.4
930,D9,Line4,Manufacturing,1.0,0,4,23,17.3,7,11.3,85.4
931,D8,Line3,Retail,4.4,0,5,48,11.2,4,20.0,89.4
932,D5,Line1,Commercial Real Estate,1.2,0,7,30,40.4,7,12.9,98.9
933,D8,Line4,Commercial Real Estate,3.6,0,3,59,12.0,16,24.5,92.1
934,D10,Line4,Manufacturing,4.1,1,7,56,47.0,13,11.2,92.8
935,D2,Line1,Retail,2.1,0,9,51,29.8,18,39.6,88.4
936,D8,Line3,Commercial Real Estate,1.9,0,5,36,4.9,19,11.1,88.8
937,D5,Line3,Manufacturing,1.2,1,9,16,7.3,10,15.9,99.0
938,D7,Line2,Healthcare,2.6,1,9,40,26.1,18,17.6,85.9
939,D5,Line2,Healthcare,1.3,1,1,55,9.9,12,13.6,88.3
940,D7,Line1,Commercial Real Estate,3.2,1,1,38,7.3,2,20.0,93.2
941,D5,Line3,Commercial Real Estate,2.9,0,10,60,43.2,5,15.5,86.2
942,D3,Line1,Education,3.7,1,9,20,18.8,18,26.2,93.9
943,D1,Line3,Government,1.4,1,2,31,40.8,5,22.6,93.2
944,D4,Line4,Commercial Real Estate,4.6,1,3,12,9.1,8,22.5,91.4
945,D5,Line3,Manufacturing,4.5,0,6,5,1.3,9,24.4,91.1
946,D1,Line2,Education,1.1,0,10,26,35.1,15,14.7,95.6
947,D6,Line1,Education,1.6,0,5,55,47.6,2,21.0,95.6
948,D5,Line4,Commercial Real Estate,1.1,0,9,41,14.4,14,27.9,86.3
949,D7,Line2,Retail,2.5,1,0,27,18.1,12,19.7,91.9
950,D2,Line3,Commercial Real Estate,2.6,1,3,24,26.6,9,26.9,95.4
951,D10,Line1,Retail,4.6,0,1,24,22.9,12,27.2,99.0
952,D2,Line1,Commercial Real Estate,2.2,0,10,38,3.2,20,13.9,93.0
953,D1,Line3,Manufacturing,4.4,0,3,55,33.1,7,23.9,98.0
954,D9,Line2,Education,4.9,1,4,41,17.6,0,24.2,87.7
955,D9,Line4,Education,4.8,1,7,37,7.4,6,16.3,94.8
956,D1,Line1,Government,4.1,1,5,28,34.3,1,39.6,91.8
957,D10,Line2,Healthcare,2.9,0,5,57,14.8,9,14.6,94.5
958,D7,Line4,Education,4.5,0,3,33,32.2,20,33.1,96.9
959,D8,Line4,Commercial Real Estate,3.3,1,5,19,39.9,14,30.8,88.6
960,D3,Line1,Education,4.7,1,4,47,2.6,15,11.3,88.7
961,D7,Line2,Healthcare,3.8,0,7,6,2.4,11,21.2,95.3
962,D1,Line1,Commercial Real Estate,1.5,1,0,34,34.2,9,15.4,96.1
963,D1,Line2,Manufacturing,4.1,0,1,32,14.7,20,39.1,99.6
964,D4,Line1,Education,2.7,0,4,14,4.6,0,15.9,91.5
965,D7,Line1,Healthcare,2.1,0,1,31,32.7,6,18.1,85.9
966,D1,Line3,Healthcare,2.8,0,0,17,31.4,18,27.0,99.9
967,D2,Line3,Healthcare,4.2,1,2,29,7.1,4,29.9,88.2
968,D8,Line3,Government,4.9,0,2,47,24.0,20,18.0,86.4
969,D3,Line2,Healthcare,4.6,1,8,38,11.6,17,20.9,95.1
970,D1,Line2,Government,3.2,0,10,17,28.4,11,24.0,92.9
971,D7,Line3,Retail,4.9,0,5,21,46.4,18,11.1,93.6
972,D5,Line2,Manufacturing,4.0,0,7,50,10.7,11,29.4,89.8
973,D6,Line3,Manufacturing,2.0,1,5,19,37.2,1,33.4,91.0
974,D1,Line2,Government,1.8,0,8,9,40.6,19,23.8,98.3
975,D4,Line2,Government,4.3,1,10,51,9.6,8,20.8,94.1
976,D1,Line3,Commercial Real Estate,4.7,1,6,35,16.4,15,31.9,99.7
977,D8,Line2,Commercial Real Estate,1.9,0,2,16,33.6,17,28.0,89.5
978,D5,Line2,Government,3.7,1,7,28,34.5,2,11.8,87.1
979,D5,Line1,Manufacturing,4.3,0,0,39,40.2,11,25.7,94.5
980,D8,Line1,Retail,1.9,0,8,41,39.3,13,12.0,97.9
981,D3,Line4,Healthcare,4.8,0,6,15,5.9,5,29.6,99.0
982,D1,Line4,Education,4.4,1,9,7,38.8,9,14.1,98.3
983,D5,Line4,Commercial Real Estate,3.1,1,4,49,44.7,4,28.7,94.2
984,D10,Line3,Education,1.1,1,4,36,25.8,5,19.8,88.5
985,D7,Line4,Education,1.9,0,10,40,45.5,7,16.1,86.5
986,D3,Line3,Education,2.7,0,5,44,31.8,12,27.1,90.1
987,D7,Line3,Retail,2.7,0,0,5,42.6,7,17.8,94.0
988,D9,Line2,Healthcare,1.5,1,2,49,35.3,5,22.8,92.1
989,D4,Line4,Government,1.2,1,2,11,37.9,5,36.5,91.8
990,D10,Line3,Government,4.1,1,7,40,2.8,18,24.5,90.4
991,D6,Line3,Government,2.5,1,1,53,13.2,11,24.9,88.1
992,D2,Line3,Education,3.5,1,7,48,9.0,19,19.6,94.2
993,D9,Line3,Healthcare,2.3,0,2,19,18.6,16,17.3,94.1
994,D6,Line1,Healthcare,1.7,1,8,30,47.6,9,15.7,88.1
995,D3,Line3,Manufacturing,3.5,1,9,57,25.4,8,16.4,85.1
996,D3,Line2,Healthcare,4.3,1,6,40,42.7,5,35.6,88.1
997,D10,Line1,Retail,3.1,0,8,46,12.7,19,13.1,97.4
998,D3,Line4,Healthcare,1.5,0,2,50,37.6,5,30.4,88.9
999,D6,Line3,Healthcare,1.9,0,0,35,13.2,14,13.8,87.5
1000,D1,Line4,Healthcare,2.4,0,8,52,32.4,16,10.2,89.4
